	GOOG	Stock Price	Cash	Portfolio Value
2013-01-02	0	361.264351	36126.4351	36126.4351
2013-01-03	0	361.474154	36126.4351	36126.4351
2013-01-04	0	368.617014	36126.4351	36126.4351
2013-01-07	0	367.008634	36126.4351	36126.4351
2013-01-08	0	366.284329	36126.4351	36126.4351
2013-01-09	0	368.691926	36126.4351	36126.4351
2013-01-10	0	370.370261	36126.4351	36126.4351
2013-01-11	0	369.626004	36126.4351	36126.4351
2013-01-14	0	361.264351	36126.4351	36126.4351
2013-01-15	0	362.103533	36126.4351	36126.4351
2013-01-16	0	357.238367	36126.4351	36126.4351
2013-01-17	0	355.305306	36126.4351	36126.4351
2013-01-18	0	351.903714	36126.4351	36126.4351
2013-01-22	0	351.084514	36126.4351	36126.4351
2013-01-23	0	370.380268	36126.4351	36126.4351
2013-01-24	0	376.728929	36126.4351	36126.4351
2013-01-25	0	376.459178	36126.4351	36126.4351
2013-01-28	0	374.990647	36126.4351	36126.4351
2013-01-29	0	376.464197	36126.4351	36126.4351
2013-01-30	0	376.539109	36126.4351	36126.4351
2013-01-31	100	377.468168	-1620.3817	36126.4351
2013-02-01	100	387.413261	-1620.3817	37120.9444
2013-02-04	100	379.131508	-1620.3817	36292.7691
2013-02-05	100	382.488177	-1620.3817	36628.436
2013-02-06	100	384.700966	-1620.3817	36849.7149
2013-02-07	100	386.589073	-1620.3817	37038.5256
2013-02-08	100	392.293391	-1620.3817	37608.9574
2013-02-11	100	390.819841	-1620.3817	37461.6024
2013-02-12	100	389.960707	-1620.3817	37375.689
2013-02-13	100	391.039621	-1620.3817	37483.5804
2013-02-14	0	393.517173	37731.3356	37731.3356
2013-02-15	100	396.049623	-1873.6267	37731.3356
2013-02-19	100	403.022676	-1873.6267	38428.6409
2013-02-20	100	395.834832	-1873.6267	37709.8565
2013-02-21	0	397.3683	37863.2033	37863.2033
2013-02-22	-100	399.456234	77808.8267	37863.2033
2013-02-25	-100	394.990692	77808.8267	38309.7575
2013-02-26	0	394.670999	38341.7268	38341.7268
2013-02-27	0	399.491181	38341.7268	38341.7268
2013-02-28	100	400.200491	-1678.3223	38341.7268
2013-03-01	0	402.693007	38590.9784	38590.9784
2013-03-04	100	410.340363	-2443.0579	38590.9784
2013-03-05	100	418.88183	-2443.0579	39445.1251
2013-03-06	100	415.275422	-2443.0579	39084.4843
2013-03-07	100	415.884819	-2443.0579	39145.424
2013-03-08	100	415.345377	-2443.0579	39091.4798
2013-03-11	100	416.993723	-2443.0579	39256.3144
2013-03-12	0	413.392303	38896.1724	38896.1724
2013-03-13	-100	412.243465	80120.5189	38896.1724
2013-03-14	-100	410.360345	80120.5189	39084.4844
2013-03-15	-100	406.743962	80120.5189	39446.1227
2013-03-18	-100	403.492194	80120.5189	39771.2995
2013-03-19	0	405.255448	39594.9741	39594.9741
2013-03-20	-100	406.948746	80289.8487	39594.9741
2013-03-21	-100	405.225458	80289.8487	39767.3029
2013-03-22	0	404.750953	39814.7534	39814.7534
2013-03-25	0	404.416265	39814.7534	39814.7534
2013-03-26	-100	405.804896	80395.243	39814.7534
2013-03-27	0	400.929754	40302.2676	40302.2676
2013-03-28	0	396.698985	40302.2676	40302.2676
2013-04-01	100	400.195503	282.7173	40302.2676
2013-04-02	100	406.114582	282.7173	40894.1755
2013-04-03	0	402.697995	40552.5168	40552.5168
2013-04-04	-100	397.138544	80266.3712	40552.5168
2013-04-05	-100	391.134546	80266.3712	41152.9166
2013-04-08	-100	387.038638	80266.3712	41562.5074
2013-04-09	-100	388.437215	80266.3712	41422.6497
2013-04-10	-100	394.69597	80266.3712	40796.7742
2013-04-11	0	394.800871	40786.2841	40786.2841
2013-04-12	0	394.631034	40786.2841	40786.2841
2013-04-15	0	390.575091	40786.2841	40786.2841
2013-04-16	0	396.289386	40786.2841	40786.2841
2013-04-17	0	390.889796	40786.2841	40786.2841
2013-04-18	100	382.573096	2528.9745	40786.2841
2013-04-19	100	399.536135	2528.9745	42482.588
2013-04-22	100	399.656031	2528.9745	42494.5776
2013-04-23	100	403.547154	2528.9745	42883.6899
2013-04-24	100	406.319367	2528.9745	43160.9112
2013-04-25	100	404.146544	2528.9745	42943.6289
2013-04-26	100	400.310381	2528.9745	42560.0126
2013-04-29	100	409.121569	2528.9745	43441.1314
2013-04-30	100	411.87383	2528.9745	43716.3575
2013-05-01	0	409.805909	43509.5654	43509.5654
2013-05-02	100	414.391317	2070.4337	43509.5654
2013-05-03	0	422.438296	44314.2633	44314.2633
2013-05-06	100	430.345396	1279.7237	44314.2633
2013-05-07	0	428.187537	44098.4774	44098.4774
2013-05-08	0	436.379383	44098.4774	44098.4774
2013-05-09	100	435.305427	567.9347	44098.4774
2013-05-10	0	439.676074	44535.5421	44535.5421
2013-05-13	0	438.327439	44535.5421	44535.5421
2013-05-14	100	443.107656	224.7765	44535.5421
2013-05-15	0	457.488302	45973.6067	45973.6067
2013-05-16	100	451.484304	825.1763	45973.6067
2013-05-17	100	454.136651	825.1763	46238.8414
2013-05-20	100	453.81197	825.1763	46206.3733
2013-05-21	0	453.032735	46128.4498	46128.4498
2013-05-22	0	444.266501	46128.4498	46128.4498
2013-05-23	0	440.954815	46128.4498	46128.4498
2013-05-24	100	436.22451	2505.9988	46128.4498
2013-05-28	100	440.195564	2505.9988	46525.5552
2013-05-29	100	433.722018	2505.9988	45878.2006
2013-05-30	100	434.945799	2505.9988	46000.5787
2013-05-31	0	435.175585	46023.5573	46023.5573
2013-06-03	-100	433.382372	89361.7945	46023.5573
2013-06-04	-100	429.121615	89361.7945	46449.633
2013-06-05	0	429.421325	46419.662	46419.662
2013-06-06	100	431.88884	3230.778	46419.662
2013-06-07	100	439.426336	3230.778	47173.4116
2013-06-10	100	444.666094	3230.778	47697.3874
2013-06-11	0	439.466301	47177.4081	47177.4081
2013-06-12	100	435.555195	3621.8886	47177.4081
2013-06-13	100	438.062675	3621.8886	47428.1561
2013-06-14	100	437.083675	3621.8886	47330.2561
2013-06-17	0	442.683092	47890.1978	47890.1978
2013-06-18	100	449.860899	2904.1079	47890.1978
2013-06-19	100	449.890888	2904.1079	47893.1967
2013-06-20	100	441.928828	2904.1079	47096.9907
2013-06-21	0	440.025726	46906.6805	46906.6805
2013-06-24	-100	434.461287	90352.8092	46906.6805
2013-06-25	0	432.668074	47086.0018	47086.0018
2013-06-26	0	436.389359	47086.0018	47086.0018
2013-06-27	0	438.097653	47086.0018	47086.0018
2013-06-28	0	439.745998	47086.0018	47086.0018
2013-07-01	0	443.497273	47086.0018	47086.0018
2013-07-02	-100	440.715053	91157.5071	47086.0018
2013-07-03	0	442.772999	46880.2072	46880.2072
2013-07-05	0	446.299475	46880.2072	46880.2072
2013-07-08	100	452.09367	1670.8402	46880.2072
2013-07-09	100	452.168613	1670.8402	46887.7015
2013-07-10	100	452.543235	1670.8402	46925.1637
2013-07-11	0	459.661125	47636.9527	47636.9527
2013-07-12	0	461.039749	47636.9527	47636.9527
2013-07-15	-100	461.88392	93825.3447	47636.9527
2013-07-16	-100	459.34645	93825.3447	47890.6997
2013-07-17	0	458.816985	47943.6462	47943.6462
2013-07-18	0	454.885896	47943.6462	47943.6462
2013-07-19	0	447.852926	47943.6462	47943.6462
2013-07-22	-100	454.895872	93433.2334	47943.6462
2013-07-23	-100	451.449326	93433.2334	48288.3008
2013-07-24	-100	450.999761	93433.2334	48333.2573
2013-07-25	-100	443.407366	93433.2334	49092.4968
2013-07-26	-100	442.233526	93433.2334	49209.8808
2013-07-29	0	440.695071	49363.7263	49363.7263
2013-07-30	0	445.015746	49363.7263	49363.7263
2013-07-31	0	443.432337	49363.7263	49363.7263
2013-08-01	0	451.65913	49363.7263	49363.7263
2013-08-02	0	452.832939	49363.7263	49363.7263
2013-08-05	0	452.048716	49363.7263	49363.7263
2013-08-06	-100	447.837931	94147.5194	49363.7263
2013-08-07	-100	444.880885	94147.5194	49659.4309
2013-08-08	-100	445.884887	94147.5194	49559.0307
2013-08-09	0	444.760989	49671.4205	49671.4205
2013-08-12	0	442.313457	49671.4205	49671.4205
2013-08-13	-100	440.185557	93689.9762	49671.4205
2013-08-14	0	434.471263	50242.8499	50242.8499
2013-08-15	100	429.401342	7302.7157	50242.8499
2013-08-16	100	428.027706	7302.7157	50105.4863
2013-08-19	100	432.393335	7302.7157	50542.0492
2013-08-20	100	432.278457	7302.7157	50530.5614
2013-08-21	100	434.231501	7302.7157	50725.8658
2013-08-22	0	436.419318	50944.6475	50944.6475
2013-08-23	-100	434.67109	94411.7565	50944.6475
2013-08-26	-100	432.762969	94411.7565	51135.4596
2013-08-27	-100	424.651084	94411.7565	51946.6481
2013-08-28	0	423.851867	52026.5698	52026.5698
2013-08-29	-100	427.288437	94755.4135	52026.5698
2013-08-30	0	423.02771	52452.6425	52452.6425
2013-09-03	100	429.76097	9476.5455	52452.6425
2013-09-04	100	435.38037	9476.5455	53014.5825
2013-09-05	100	439.341417	9476.5455	53410.6872
2013-09-06	100	439.351393	9476.5455	53411.6848
2013-09-09	0	443.582192	53834.7647	53834.7647
2013-09-10	100	443.891878	9445.5769	53834.7647
2013-09-11	100	447.64811	9445.5769	54210.3879
2013-09-12	100	446.084684	9445.5769	54054.0453
2013-09-13	0	444.091675	53854.7444	53854.7444
2013-09-16	0	443.437325	53854.7444	53854.7444
2013-09-17	0	442.613137	53854.7444	53854.7444
2013-09-18	100	451.209564	8733.788	53854.7444
2013-09-19	0	448.747038	53608.4918	53608.4918
2013-09-20	0	451.104663	53608.4918	53608.4918
2013-09-23	100	442.807945	9327.6973	53608.4918
2013-09-24	0	442.977783	53625.4756	53625.4756
2013-09-25	0	438.177584	53625.4756	53625.4756
2013-09-26	-100	438.647101	97490.1857	53625.4756
2013-09-27	0	437.758008	53714.3849	53714.3849
2013-09-30	0	437.518246	53714.3849	53714.3849
2013-10-01	-100	443.057714	98020.1563	53714.3849
2013-10-02	-100	443.552202	98020.1563	53664.9361
2013-10-03	-100	437.608153	98020.1563	54259.341
2013-10-04	-100	435.739997	98020.1563	54446.1566
2013-10-07	-100	432.438319	98020.1563	54776.3244
2013-10-08	-100	426.409319	98020.1563	55379.2244
2013-10-09	0	427.503228	55269.8335	55269.8335
2013-10-10	100	433.687071	11901.1264	55269.8335
2013-10-11	100	435.560183	11901.1264	55457.1447
2013-10-14	100	437.618129	11901.1264	55662.9393
2013-10-15	100	440.565198	11901.1264	55957.6462
2013-10-16	0	448.567193	56757.8457	56757.8457
2013-10-17	100	443.951796	12362.6661	56757.8457
2013-10-18	100	505.200653	12362.6661	62882.7314
2013-10-21	100	501.149699	12362.6661	62477.636
2013-10-22	0	502.997872	62662.4533	62662.4533
2013-10-23	-100	515.1907	114181.5233	62662.4533
2013-10-24	-100	512.263613	114181.5233	62955.162
2013-10-25	0	507.09378	63472.1453	63472.1453
2013-10-28	100	506.993866	12772.7587	63472.1453
2013-10-29	0	517.603255	64533.0842	64533.0842
2013-10-30	100	514.696181	13063.4661	64533.0842
2013-10-31	0	514.776112	64541.0773	64541.0773
2013-11-01	0	513.00787	64541.0773	64541.0773
2013-11-04	-100	512.543341	115795.4114	64541.0773
2013-11-05	-100	510.250622	115795.4114	64770.3492
2013-11-06	-100	510.865006	115795.4114	64708.9108
2013-11-07	-100	503.472377	115795.4114	65448.1737
2013-11-08	-100	507.508367	115795.4114	65044.5747
2013-11-11	-100	504.791084	115795.4114	65316.303
2013-11-12	0	505.385486	65256.8628	65256.8628
2013-11-13	0	515.720166	65256.8628	65256.8628
2013-11-14	-100	517.09876	116966.7388	65256.8628
2013-11-15	0	516.264626	65340.2762	65340.2762
2013-11-18	0	515.260594	65340.2762	65340.2762
2013-11-19	-100	512.088788	116549.155	65340.2762
2013-11-20	0	510.645227	65484.6323	65484.6323
2013-11-21	0	516.519352	65484.6323	65484.6323
2013-11-22	0	515.430432	65484.6323	65484.6323
2013-11-25	100	522.443481	13240.2842	65484.6323
2013-11-26	100	528.677234	13240.2842	66108.0076
2013-11-27	0	531.024914	66342.7756	66342.7756
2013-11-29	0	529.266617	66342.7756	66342.7756
2013-12-02	100	526.714214	13671.3542	66342.7756
2013-12-03	0	526.104818	66281.836	66281.836
2013-12-04	0	528.562356	66281.836	66281.836
2013-12-05	0	528.14275	66281.836	66281.836
2013-12-06	100	534.401535	12841.6825	66281.836
2013-12-09	100	538.53242	12841.6825	66694.9245
2013-12-10	0	541.789145	67020.597	67020.597
2013-12-11	100	538.107795	13209.8175	67020.597
2013-12-12	0	534.446458	66654.4633	66654.4633
2013-12-13	0	529.866038	66654.4633	66654.4633
2013-12-16	0	535.954985	66654.4633	66654.4633
2013-12-17	0	534.396516	66654.4633	66654.4633
2013-12-18	0	541.834068	66654.4633	66654.4633
2013-12-19	100	542.56838	12397.6253	66654.4633
2013-12-20	100	549.761182	12397.6253	67373.7435
2013-12-23	0	556.993949	68097.0202	68097.0202
2013-12-24	100	555.365586	12560.4616	68097.0202
2013-12-26	100	558.172777	12560.4616	68377.7393
2013-12-27	0	558.642325	68424.6941	68424.6941
2013-12-30	100	554.176782	13007.0159	68424.6941
2013-12-31	100	559.796182	13007.0159	68986.6341
2014-01-02	100	556.004972	13007.0159	68607.5131
2014-01-03	100	551.948999	13007.0159	68201.9158
2014-01-06	100	558.102883	13007.0159	68817.3042
2014-01-07	0	568.862096	69893.2255	69893.2255
2014-01-08	0	570.045943	69893.2255	69893.2255
2014-01-09	100	564.556416	13437.5839	69893.2255
2014-01-10	0	564.526426	69890.2265	69890.2265
2014-01-13	100	560.930026	13797.2239	69890.2265
2014-01-14	0	574.126886	71209.9125	71209.9125
2014-01-15	100	573.737269	13836.1856	71209.9125
2014-01-16	0	577.533436	71589.5292	71589.5292
2014-01-17	100	574.691299	14120.3993	71589.5292
2014-01-21	100	581.269747	14120.3993	72247.374
2014-01-22	100	581.929085	14120.3993	72313.3078
2014-01-23	0	579.471546	72067.5539	72067.5539
2014-01-24	0	561.35459	72067.5539	72067.5539
2014-01-27	0	550.065849	72067.5539	72067.5539
2014-01-28	0	560.94502	72067.5539	72067.5539
2014-01-29	0	552.908048	72067.5539	72067.5539
2014-01-30	100	567.128832	15354.6707	72067.5539
2014-01-31	0	589.896102	74344.2809	74344.2809
2014-02-03	100	566.149832	17729.2977	74344.2809
2014-02-04	100	568.512445	17729.2977	74580.5422
2014-02-05	100	571.029962	17729.2977	74832.2939
2014-02-06	100	579.401591	17729.2977	75669.4568
2014-02-07	100	588.132849	17729.2977	76542.5826
2014-02-10	100	585.880095	17729.2977	76317.3072
2014-02-11	100	594.496536	17729.2977	77178.9513
2014-02-12	0	592.753234	77004.6211	77004.6211
2014-02-13	100	599.351695	17069.4516	77004.6211
2014-02-14	100	600.800244	17069.4516	77149.476
2014-02-18	0	604.836204	77553.072	77553.072
2014-02-19	0	600.570489	77553.072	77553.072
2014-02-20	100	601.454563	17407.6157	77553.072
2014-02-21	100	601.294763	17407.6157	77537.092
2014-02-24	100	605.650385	17407.6157	77972.6542
2014-02-25	100	609.391653	17407.6157	78346.781
2014-02-26	100	609.476541	17407.6157	78355.2698
2014-02-27	100	608.997078	17407.6157	78307.3235
2014-02-28	100	607.21883	17407.6157	78129.4987
2014-03-03	100	600.745284	17407.6157	77482.1441
2014-03-04	0	606.849165	78092.5322	78092.5322
2014-03-05	0	608.522511	78092.5322	78092.5322
2014-03-06	-100	609.196844	139012.2166	78092.5322
2014-03-07	-100	606.789247	139012.2166	78333.2919
2014-03-10	0	605.180837	78494.1329	78494.1329
2014-03-11	0	599.396618	78494.1329	78494.1329
2014-03-12	-100	603.047979	138798.9308	78494.1329
2014-03-13	-100	593.937081	138798.9308	79405.2227
2014-03-14	-100	585.81522	138798.9308	80217.4088
2014-03-17	-100	595.455584	138798.9308	79253.3724
2014-03-18	-100	605.025994	138798.9308	78296.3314
2014-03-19	0	599.027014	78896.2294	78896.2294
2014-03-20	0	597.983016	78896.2294	78896.2294
2014-03-21	0	590.930063	78896.2294	78896.2294
2014-03-24	0	578.387583	78896.2294	78896.2294
2014-03-25	0	578.782219	78896.2294	78896.2294
2014-03-26	-100	565.420539	135438.2833	78896.2294
2014-03-27	0	558.462551	79592.0282	79592.0282
2014-03-28	0	559.992565	79592.0282	79592.0282
2014-03-31	0	556.972503	79592.0282	79592.0282
2014-04-01	0	567.162558	79592.0282	79592.0282
2014-04-02	0	567.002574	79592.0282	79592.0282
2014-04-03	0	569.742571	79592.0282	79592.0282
2014-04-04	0	543.14246	79592.0282	79592.0282
2014-04-07	0	538.152456	79592.0282	79592.0282
2014-04-08	100	554.902495	24101.7787	79592.0282
2014-04-09	0	564.142557	80516.0344	80516.0344
2014-04-10	0	540.952433	80516.0344	80516.0344
2014-04-11	0	530.602392	80516.0344	80516.0344
2014-04-14	100	532.522392	27263.7952	80516.0344
2014-04-15	0	536.442444	80908.0396	80908.0396
2014-04-16	-100	556.54249	136562.2886	80908.0396
2014-04-17	-100	536.1024	136562.2886	82952.0486
2014-04-21	0	528.622414	83700.0472	83700.0472
2014-04-22	-100	534.812425	137181.2897	83700.0472
2014-04-23	-100	526.942391	137181.2897	84487.0506
2014-04-24	-100	525.162363	137181.2897	84665.0534
2014-04-25	-100	516.182352	137181.2897	85563.0545
2014-04-28	0	517.152359	85466.0538	85466.0538
2014-04-29	0	527.70241	85466.0538	85466.0538
2014-04-30	0	526.662388	85466.0538	85466.0538
2014-05-01	0	531.352435	85466.0538	85466.0538
2014-05-02	0	527.932411	85466.0538	85466.0538
2014-05-05	0	527.812392	85466.0538	85466.0538
2014-05-06	-100	515.14233	136980.2868	85466.0538
2014-05-07	-100	509.962321	136980.2868	85984.0547
2014-05-08	0	511.002313	85880.0555	85880.0555
2014-05-09	0	518.732375	85880.0555	85880.0555
2014-05-12	0	529.922427	85880.0555	85880.0555
2014-05-13	100	533.092437	32570.8118	85880.0555
2014-05-14	100	526.652412	32570.8118	85236.053
2014-05-15	100	519.982324	32570.8118	84569.0442
2014-05-16	100	520.632362	32570.8118	84634.048
2014-05-19	100	528.862391	32570.8118	85457.0509
2014-05-20	0	529.772418	85548.0536	85548.0536
2014-05-21	0	538.942465	85548.0536	85548.0536
2014-05-22	0	545.062459	85548.0536	85548.0536
2014-05-23	100	552.702492	30277.8044	85548.0536
2014-05-27	100	565.952575	30277.8044	86873.0619
2014-05-28	100	561.682564	30277.8044	86446.0608
2014-05-29	0	560.082534	86286.0578	86286.0578
2014-05-30	0	559.892559	86286.0578	86286.0578
2014-06-02	-100	553.932488	141679.3066	86286.0578
2014-06-03	0	544.94244	87185.0626	87185.0626
2014-06-04	0	544.662436	87185.0626	87185.0626
2014-06-05	0	553.902499	87185.0626	87185.0626
2014-06-06	100	556.332503	31551.8123	87185.0626
2014-06-09	0	562.122552	87764.0675	87764.0675
2014-06-10	0	560.552511	87764.0675	87764.0675
2014-06-11	-100	558.842499	143648.3174	87764.0675
2014-06-12	-100	551.352476	143648.3174	88513.0698
2014-06-13	0	551.762475	88472.0699	88472.0699
2014-06-16	-100	544.282488	142900.3187	88472.0699
2014-06-17	0	543.012465	88599.0722	88599.0722
2014-06-18	0	553.372481	88599.0722	88599.0722
2014-06-19	0	554.902495	88599.0722	88599.0722
2014-06-20	100	556.362492	32962.823	88599.0722
2014-06-23	100	564.952579	32962.823	89458.0809
2014-06-24	100	564.622572	32962.823	89425.0802
2014-06-25	100	578.652627	32962.823	90828.0857
2014-06-26	0	576.002598	90563.0828	90563.0828
2014-06-27	0	577.242632	90563.0828	90563.0828
2014-06-30	0	575.282606	90563.0828	90563.0828
2014-07-01	0	582.672624	90563.0828	90563.0828
2014-07-02	0	582.33766	90563.0828	90563.0828
2014-07-03	0	584.732656	90563.0828	90563.0828
2014-07-07	0	582.252649	90563.0828	90563.0828
2014-07-08	0	571.092587	90563.0828	90563.0828
2014-07-09	-100	576.08259	148171.3418	90563.0828
2014-07-10	-100	571.102563	148171.3418	91061.0855
2014-07-11	0	579.182645	90253.0773	90253.0773
2014-07-14	-100	584.872627	148740.34	90253.0773
2014-07-15	-100	584.782659	148740.34	90262.0741
2014-07-16	0	582.662648	90474.0752	90474.0752
2014-07-17	100	573.732579	33100.8173	90474.0752
2014-07-18	0	595.082696	92609.0869	92609.0869
2014-07-21	0	589.472645	92609.0869	92609.0869
2014-07-22	-100	594.742713	152083.3582	92609.0869
2014-07-23	-100	595.982686	152083.3582	92485.0896
2014-07-24	-100	593.352671	152083.3582	92748.0911
2014-07-25	0	589.022681	93181.0901	93181.0901
2014-07-28	-100	590.602697	152241.3598	93181.0901
2014-07-29	-100	585.612633	152241.3598	93680.0965
2014-07-30	-100	587.42265	152241.3598	93499.0948
2014-07-31	-100	571.602592	152241.3598	95081.1006
2014-08-01	0	566.072533	95634.1065	95634.1065
2014-08-04	0	573.152619	95634.1065	95634.1065
2014-08-05	0	565.072537	95634.1065	95634.1065
2014-08-06	0	566.376589	95634.1065	95634.1065
2014-08-07	0	563.362525	95634.1065	95634.1065
2014-08-08	0	568.772565	95634.1065	95634.1065
2014-08-11	-100	567.882551	152422.3616	95634.1065
2014-08-12	0	562.732562	96149.1054	96149.1054
2014-08-13	0	574.782577	96149.1054	96149.1054
2014-08-14	-100	574.652582	153614.3636	96149.1054
2014-08-15	0	573.482626	96266.101	96266.101
2014-08-18	100	582.162619	38049.8391	96266.101
2014-08-19	100	586.862643	38049.8391	96736.1034
2014-08-20	0	584.492618	96499.1009	96499.1009
2014-08-21	0	583.372664	96499.1009	96499.1009
2014-08-22	0	582.562642	96499.1009	96499.1009
2014-08-25	0	580.202654	96499.1009	96499.1009
2014-08-26	-100	577.862619	154285.3628	96499.1009
2014-08-27	0	571.002557	97185.1071	97185.1071
2014-08-28	0	569.202577	97185.1071	97185.1071
2014-08-29	0	571.602592	97185.1071	97185.1071
2014-09-02	100	577.332601	39451.847	97185.1071
2014-09-03	100	577.942611	39451.847	97246.1081
2014-09-04	0	581.982621	97650.1091	97650.1091
2014-09-05	100	586.082672	39041.8419	97650.1091
2014-09-08	0	589.722659	98014.1078	98014.1078
2014-09-09	100	581.012615	39912.8463	98014.1078
2014-09-10	0	583.102636	98223.1099	98223.1099
2014-09-11	-100	581.352659	156358.3758	98223.1099
2014-09-12	0	575.622589	98796.1169	98796.1169
2014-09-15	0	573.102616	98796.1169	98796.1169
2014-09-16	100	579.95264	40800.8529	98796.1169
2014-09-17	100	584.772622	40800.8529	99278.1151
2014-09-18	0	589.272695	99728.1224	99728.1224
2014-09-19	-100	596.082692	159336.3916	99728.1224
2014-09-22	-100	587.372648	159336.3916	100599.1268
2014-09-23	0	581.132634	101223.1282	101223.1282
2014-09-24	-100	587.992634	160022.3916	101223.1282
2014-09-25	0	575.062581	102516.1335	102516.1335
2014-09-26	-100	577.1026	160226.3935	102516.1335
2014-09-29	-100	576.362594	160226.3935	102590.1341
2014-09-30	-100	577.36259	160226.3935	102490.1345
2014-10-01	-100	568.272597	160226.3935	103399.1338
2014-10-02	0	570.082554	103218.1381	103218.1381
2014-10-03	-100	575.282606	160746.3987	103218.1381
2014-10-06	-100	577.352614	160746.3987	103011.1373
2014-10-07	0	563.742534	104372.1453	104372.1453
2014-10-08	0	572.502582	104372.1453	104372.1453
2014-10-09	-100	560.882518	160460.3971	104372.1453
2014-10-10	0	544.492476	106011.1495	106011.1495
2014-10-13	100	533.212394	52689.9101	106011.1495
2014-10-14	100	537.942408	52689.9101	106484.1509
2014-10-15	0	530.032409	105693.151	105693.151
2014-10-16	-100	524.512387	158144.3897	105693.151
2014-10-17	-100	511.172305	158144.3897	107027.1592
2014-10-20	0	520.842349	106060.1548	106060.1548
2014-10-21	100	526.542369	53405.9179	106060.1548
2014-10-22	0	532.712427	106677.1606	106677.1606
2014-10-23	-100	543.982471	161075.4077	106677.1606
2014-10-24	0	539.782415	107097.1662	107097.1662
2014-10-27	100	540.772435	53019.9227	107097.1662
2014-10-28	100	548.902458	53019.9227	107910.1685
2014-10-29	100	549.33247	53019.9227	107953.1697
2014-10-30	0	550.312514	108051.1741	108051.1741
2014-10-31	-100	559.082538	163959.4279	108051.1741
2014-11-03	-100	555.222525	163959.4279	108437.1754
2014-11-04	0	554.112486	108548.1793	108548.1793
2014-11-05	0	545.922484	108548.1793	108548.1793
2014-11-06	0	542.042458	108548.1793	108548.1793
2014-11-07	0	541.012473	108548.1793	108548.1793
2014-11-10	0	547.492463	108548.1793	108548.1793
2014-11-11	-100	550.292501	163577.4294	108548.1793
2014-11-12	-100	547.312465	163577.4294	108846.1829
2014-11-13	-100	545.38249	163577.4294	109039.1804
2014-11-14	-100	544.402446	163577.4294	109137.1848
2014-11-17	-100	536.512399	163577.4294	109926.1895
2014-11-18	-100	535.032449	163577.4294	110074.1845
2014-11-19	-100	536.992415	163577.4294	109878.1879
2014-11-20	-100	534.832438	163577.4294	110094.1856
2014-11-21	-100	537.502419	163577.4294	109827.1875
2014-11-24	-100	539.272471	163577.4294	109650.1823
2014-11-25	0	541.082428	109469.1866	109469.1866
2014-11-26	-100	540.372473	163506.4339	109469.1866
2014-11-28	-100	541.832471	163506.4339	109323.1868
2014-12-01	-100	533.802391	163506.4339	110126.1948
2014-12-02	0	533.752389	110131.195	110131.195
2014-12-03	100	531.322384	56998.9566	110131.195
2014-12-04	0	537.312445	110730.2011	110730.2011
2014-12-05	100	525.262369	58203.9642	110730.2011
2014-12-08	100	526.982357	58203.9642	110902.1999
2014-12-09	100	533.37244	58203.9642	111541.2082
2014-12-10	0	526.062353	110810.1995	110810.1995
2014-12-11	-100	528.34241	163644.4405	110810.1995
2014-12-12	-100	518.662359	163644.4405	111778.2046
2014-12-15	-100	513.802351	163644.4405	112264.2054
2014-12-16	-100	495.392242	163644.4405	114105.2163
2014-12-17	0	504.892295	113155.211	113155.211
2014-12-18	100	511.102319	62044.9791	113155.211
2014-12-19	100	516.352313	62044.9791	113680.2104
2014-12-22	100	524.872383	62044.9791	114532.2174
2014-12-23	0	530.592416	115104.2207	115104.2207
2014-12-24	-100	528.772422	167981.4629	115104.2207
2014-12-26	-100	534.032392	167981.4629	114578.2237
2014-12-29	-100	530.332426	167981.4629	114948.2203
2014-12-30	-100	530.422394	167981.4629	114939.2235
2014-12-31	-100	526.402397	167981.4629	115341.2232
2015-01-02	0	524.812404	115500.2225	115500.2225
2015-01-05	0	513.872306	115500.2225	115500.2225
2015-01-06	-100	501.962262	165696.4487	115500.2225
2015-01-07	-100	501.102268	165696.4487	115586.2219
2015-01-08	-100	502.682285	165696.4487	115428.2202
2015-01-09	-100	496.172244	165696.4487	116079.2243
2015-01-12	-100	492.552239	165696.4487	116441.2248
2015-01-13	0	496.182251	116078.2236	116078.2236
2015-01-14	0	500.872267	116078.2236	116078.2236
2015-01-15	100	501.792271	65898.9965	116078.2236
2015-01-16	0	508.082288	116707.2253	116707.2253
2015-01-20	100	506.902294	66016.9959	116707.2253
2015-01-21	100	518.042373	66016.9959	117821.2332
2015-01-22	100	534.392388	66016.9959	119456.2347
2015-01-23	100	539.952437	66016.9959	120012.2396
2015-01-26	0	535.212448	119538.2407	119538.2407
2015-01-27	100	518.63237	67675.0037	119538.2407
2015-01-28	100	510.002318	67675.0037	118675.2355
2015-01-29	100	510.6623	67675.0037	118741.2337
2015-01-30	0	534.522445	121127.2482	121127.2482
2015-02-02	0	528.482381	121127.2482	121127.2482
2015-02-03	-100	529.2424	174051.4882	121127.2482
2015-02-04	-100	522.762349	174051.4882	121775.2533
2015-02-05	0	527.582391	121293.2491	121293.2491
2015-02-06	100	531.002415	68193.0076	121293.2491
2015-02-09	100	527.832406	68193.0076	120976.2482
2015-02-10	100	536.942412	68193.0076	121887.2488
2015-02-11	100	535.972405	68193.0076	121790.2481
2015-02-12	100	542.932472	68193.0076	122486.2548
2015-02-13	100	549.012501	68193.0076	123094.2577
2015-02-17	100	542.842443	68193.0076	122477.2519
2015-02-18	100	539.702422	68193.0076	122163.2498
2015-02-19	100	542.872432	68193.0076	122480.2508
2015-02-20	0	538.952441	122088.2517	122088.2517
2015-02-23	100	531.912381	68897.0136	122088.2517
2015-02-24	100	536.092424	68897.0136	122506.256
2015-02-25	0	543.872489	123284.2625	123284.2625
2015-02-26	0	555.482516	123284.2625	123284.2625
2015-02-27	0	558.402511	123284.2625	123284.2625
2015-03-02	0	571.342601	123284.2625	123284.2625
2015-03-03	0	573.64261	123284.2625	123284.2625
2015-03-04	0	573.372583	123284.2625	123284.2625
2015-03-05	0	575.332609	123284.2625	123284.2625
2015-03-06	100	567.687558	66515.5067	123284.2625
2015-03-09	0	568.852557	123400.7624	123400.7624
2015-03-10	0	555.012538	123400.7624	123400.7624
2015-03-11	100	551.182515	68282.5109	123400.7624
2015-03-12	100	555.512505	68282.5109	123833.7614
2015-03-13	100	547.322503	68282.5109	123014.7612
2015-03-16	100	554.512509	68282.5109	123733.7618
2015-03-17	100	550.842471	68282.5109	123366.758
2015-03-18	100	559.502513	68282.5109	124232.7622
2015-03-19	100	557.992512	68282.5109	124081.7621
2015-03-20	0	560.362537	124318.7646	124318.7646
2015-03-23	0	558.81251	124318.7646	124318.7646
2015-03-24	0	570.192597	124318.7646	124318.7646
2015-03-25	-100	558.787539	180197.5185	124318.7646
2015-03-26	0	555.172522	124680.2663	124680.2663
2015-03-27	0	548.342512	124680.2663	124680.2663
2015-03-30	-100	552.032502	179883.5165	124680.2663
2015-03-31	-100	548.002468	179883.5165	125083.2697
2015-04-01	-100	542.562439	179883.5165	125627.2726
2015-04-02	-100	535.532417	179883.5165	126330.2748
2015-04-06	0	536.767432	126206.7733	126206.7733
2015-04-07	100	537.022404	72504.5329	126206.7733
2015-04-08	100	541.612446	72504.5329	126665.7775
2015-04-09	0	540.782472	126582.7801	126582.7801
2015-04-10	-100	540.012416	180584.0217	126582.7801
2015-04-13	-100	539.172466	180584.0217	126666.7751
2015-04-14	-100	530.392405	180584.0217	127544.7812
2015-04-15	-100	532.532429	180584.0217	127330.7788
2015-04-16	-100	533.802391	180584.0217	127203.7826
2015-04-17	-100	524.052386	180584.0217	128178.7831
2015-04-20	-100	535.382408	180584.0217	127045.7809
2015-04-21	0	533.972413	127186.7804	127186.7804
2015-04-22	100	539.367458	73250.0346	127186.7804
2015-04-23	0	547.002472	127950.2818	127950.2818
2015-04-24	-100	565.062561	184456.5379	127950.2818
2015-04-27	-100	555.369995	184456.5379	128919.5384
2015-04-28	-100	553.679993	184456.5379	129088.5386
2015-04-29	-100	549.080017	184456.5379	129548.5362
2015-04-30	-100	537.340027	184456.5379	130722.5352
2015-05-01	0	537.900024	130666.5355	130666.5355
2015-05-04	0	540.780029	130666.5355	130666.5355
2015-05-05	0	530.799988	130666.5355	130666.5355
2015-05-06	0	524.219971	130666.5355	130666.5355
2015-05-07	0	530.700012	130666.5355	130666.5355
2015-05-08	100	538.219971	76844.5384	130666.5355
2015-05-11	100	535.700012	76844.5384	130414.5396
2015-05-12	100	529.039978	76844.5384	129748.5362
2015-05-13	100	529.619995	76844.5384	129806.5379
2015-05-14	100	538.400024	76844.5384	130684.5408
2015-05-15	100	533.849976	76844.5384	130229.536
2015-05-18	100	532.299988	76844.5384	130074.5372
2015-05-19	100	537.359985	76844.5384	130580.5369
2015-05-20	0	539.27002	130771.5404	130771.5404
2015-05-21	-100	542.51001	185022.5414	130771.5404
2015-05-22	0	540.109985	131011.5429	131011.5429
2015-05-26	0	532.320007	131011.5429	131011.5429
2015-05-27	100	539.789978	77032.5451	131011.5429
2015-05-28	0	539.780029	131010.548	131010.548
2015-05-29	0	532.109985	131010.548	131010.548
2015-06-01	0	533.98999	131010.548	131010.548
2015-06-02	100	539.179993	77092.5487	131010.548
2015-06-03	0	540.309998	131123.5485	131123.5485
2015-06-04	-100	536.700012	184793.5497	131123.5485
2015-06-05	-100	533.330017	184793.5497	131460.548
2015-06-08	0	526.830017	132110.548	132110.548
2015-06-09	0	526.690002	132110.548	132110.548
2015-06-10	-100	536.690002	185779.5482	132110.548
2015-06-11	-100	534.609985	185779.5482	132318.5497
2015-06-12	-100	532.330017	185779.5482	132546.5465
2015-06-15	-100	527.200012	185779.5482	133059.547
2015-06-16	0	528.150024	132964.5458	132964.5458
2015-06-17	0	529.26001	132964.5458	132964.5458
2015-06-18	100	536.72998	79291.5478	132964.5458
2015-06-19	100	536.690002	79291.5478	132960.548
2015-06-22	100	538.190002	79291.5478	133110.548
2015-06-23	0	540.47998	133339.5458	133339.5458
2015-06-24	0	537.840027	133339.5458	133339.5458
2015-06-25	-100	535.22998	186862.5438	133339.5458
2015-06-26	0	531.690002	133693.5436	133693.5436
2015-06-29	0	521.52002	133693.5436	133693.5436
2015-06-30	0	520.51001	133693.5436	133693.5436
2015-07-01	0	521.840027	133693.5436	133693.5436
2015-07-02	0	523.400024	133693.5436	133693.5436
2015-07-06	100	522.859985	81407.5451	133693.5436
2015-07-07	100	525.02002	81407.5451	133909.5471
2015-07-08	100	516.830017	81407.5451	133090.5468
2015-07-09	0	520.679993	133475.5444	133475.5444
2015-07-10	100	530.130005	80462.5439	133475.5444
2015-07-13	0	546.549988	135117.5427	135117.5427
2015-07-14	-100	561.099976	191227.5403	135117.5427
2015-07-15	-100	560.219971	191227.5403	135205.5432
2015-07-16	0	579.849976	133242.5427	133242.5427
2015-07-17	-100	672.929993	200535.542	133242.5427
2015-07-20	-100	663.02002	200535.542	134233.54
2015-07-21	-100	662.299988	200535.542	134305.5432
2015-07-22	-100	662.099976	200535.542	134325.5444
2015-07-23	-100	644.280029	200535.542	136107.5391
2015-07-24	-100	623.559998	200535.542	138179.5422
2015-07-27	-100	627.26001	200535.542	137809.541
2015-07-28	-100	628.0	200535.542	137735.542
2015-07-29	0	631.929993	137342.5427	137342.5427
2015-07-30	-100	632.590027	200601.5454	137342.5427
2015-07-31	0	625.609985	138040.5469	138040.5469
2015-08-03	0	631.210022	138040.5469	138040.5469
2015-08-04	0	629.25	138040.5469	138040.5469
2015-08-05	0	643.780029	138040.5469	138040.5469
2015-08-06	0	642.679993	138040.5469	138040.5469
2015-08-07	0	635.299988	138040.5469	138040.5469
2015-08-10	0	633.72998	138040.5469	138040.5469
2015-08-11	-100	660.780029	204118.5498	138040.5469
2015-08-12	-100	659.559998	204118.5498	138162.55
2015-08-13	-100	656.450012	204118.5498	138473.5486
2015-08-14	-100	657.119995	204118.5498	138406.5503
2015-08-17	-100	660.869995	204118.5498	138031.5503
2015-08-18	-100	656.130005	204118.5498	138505.5493
2015-08-19	-100	660.900024	204118.5498	138028.5474
2015-08-20	-100	646.830017	204118.5498	139435.5481
2015-08-21	0	612.47998	142870.5518	142870.5518
2015-08-24	100	589.609985	83909.5533	142870.5518
2015-08-25	100	582.059998	83909.5533	142115.5531
2015-08-26	0	628.619995	146771.5528	146771.5528
2015-08-27	-100	637.609985	210532.5513	146771.5528
2015-08-28	-100	630.380005	210532.5513	147494.5508
2015-08-31	-100	618.25	210532.5513	148707.5513
2015-09-01	-100	597.789978	210532.5513	150753.5535
2015-09-02	-100	614.340027	210532.5513	149098.5486
2015-09-03	-100	606.25	210532.5513	149907.5513
2015-09-04	-100	600.700012	210532.5513	150462.5501
2015-09-08	-100	614.659973	210532.5513	149066.554
2015-09-09	-100	612.719971	210532.5513	149260.5542
2015-09-10	0	621.349976	148397.5537	148397.5537
2015-09-11	0	625.77002	148397.5537	148397.5537
2015-09-14	0	623.23999	148397.5537	148397.5537
2015-09-15	100	635.140015	84883.5522	148397.5537
2015-09-16	100	635.97998	84883.5522	148481.5502
2015-09-17	0	642.900024	149173.5546	149173.5546
2015-09-18	0	629.25	149173.5546	149173.5546
2015-09-21	-100	635.440002	212717.5548	149173.5546
2015-09-22	0	622.690002	150448.5546	150448.5546
2015-09-23	0	622.359985	150448.5546	150448.5546
2015-09-24	-100	625.799988	213028.5534	150448.5546
2015-09-25	-100	611.969971	213028.5534	151831.5563
2015-09-28	0	594.890015	153539.5519	153539.5519
2015-09-29	0	594.969971	153539.5519	153539.5519
2015-09-30	100	608.419983	92697.5536	153539.5519
2015-10-01	100	611.289978	92697.5536	153826.5514
2015-10-02	0	626.909973	155388.5509	155388.5509
2015-10-05	100	641.469971	91241.5538	155388.5509
2015-10-06	100	645.440002	91241.5538	155785.554
2015-10-07	0	642.359985	155477.5523	155477.5523
2015-10-08	100	639.159973	91561.555	155477.5523
2015-10-09	0	643.609985	155922.5535	155922.5535
2015-10-12	100	646.669983	91255.5552	155922.5535
2015-10-13	100	652.299988	91255.5552	156485.554
2015-10-14	100	651.159973	91255.5552	156371.5525
2015-10-15	100	661.73999	91255.5552	157429.5542
2015-10-16	100	662.200012	91255.5552	157475.5564
2015-10-19	0	666.099976	157865.5528	157865.5528
2015-10-20	-100	650.280029	222893.5557	157865.5528
2015-10-21	0	642.609985	158632.5572	158632.5572
2015-10-22	0	651.789978	158632.5572	158632.5572
2015-10-23	100	702.0	88432.5572	158632.5572
2015-10-26	100	712.780029	88432.5572	159710.5601
2015-10-27	100	708.48999	88432.5572	159281.5562
2015-10-28	100	712.950012	88432.5572	159727.5584
2015-10-29	100	716.919983	88432.5572	160124.5555
2015-10-30	100	710.809998	88432.5572	159513.557
2015-11-02	0	721.109985	160543.5557	160543.5557
2015-11-03	0	722.159973	160543.5557	160543.5557
2015-11-04	0	728.109985	160543.5557	160543.5557
2015-11-05	0	731.25	160543.5557	160543.5557
2015-11-06	0	733.76001	160543.5557	160543.5557
2015-11-09	0	724.890015	160543.5557	160543.5557
2015-11-10	100	728.320007	87711.555	160543.5557
2015-11-11	100	735.400024	87711.555	161251.5574
2015-11-12	0	731.22998	160834.553	160834.553
2015-11-13	100	717.0	89134.553	160834.553
2015-11-16	100	728.960022	89134.553	162030.5552
2015-11-17	100	725.299988	89134.553	161664.5518
2015-11-18	100	740.0	89134.553	163134.553
2015-11-19	100	738.409973	89134.553	162975.5503
2015-11-20	100	756.599976	89134.553	164794.5506
2015-11-23	0	755.97998	164732.551	164732.551
2015-11-24	100	748.280029	89904.5481	164732.551
2015-11-25	0	748.150024	164719.5505	164719.5505
2015-11-27	0	750.26001	164719.5505	164719.5505
2015-11-30	0	742.599976	164719.5505	164719.5505
2015-12-01	0	767.039978	164719.5505	164719.5505
2015-12-02	-100	762.380005	240957.551	164719.5505
2015-12-03	0	752.539978	165703.5532	165703.5532
2015-12-04	-100	766.809998	242384.553	165703.5532
2015-12-07	0	763.25	166059.553	166059.553
2015-12-08	0	762.369995	166059.553	166059.553
2015-12-09	0	751.609985	166059.553	166059.553
2015-12-10	0	749.460022	166059.553	166059.553
2015-12-11	100	738.869995	92172.5535	166059.553
2015-12-14	100	747.77002	92172.5535	166949.5555
2015-12-15	100	743.400024	92172.5535	166512.5559
2015-12-16	0	758.090027	167981.5562	167981.5562
2015-12-17	-100	749.429993	242924.5555	167981.5562
2015-12-18	-100	739.309998	242924.5555	168993.5557
2015-12-21	-100	747.77002	242924.5555	168147.5535
2015-12-22	-100	750.0	242924.5555	167924.5555
2015-12-23	-100	750.309998	242924.5555	167893.5557
2015-12-24	0	748.400024	168084.5531	168084.5531
2015-12-28	100	762.51001	91833.5521	168084.5531
2015-12-29	100	776.599976	91833.5521	169493.5497
2015-12-30	0	771.0	168933.5521	168933.5521
2015-12-31	0	758.880005	168933.5521	168933.5521
