	SPY	Stock Price	Cash	Portfolio Value
2013-01-02	100	136.17174	0.0	13617.174
2013-01-03	100	135.86408	0.0	13586.408
2013-01-04	100	136.460751	0.0	13646.0751
2013-01-07	100	136.087837	0.0	13608.7837
2013-01-08	100	135.696272	0.0	13569.6272
2013-01-09	100	136.041219	0.0	13604.1219
2013-01-10	100	137.12269	0.0	13712.269
2013-01-11	100	137.113372	0.0	13711.3372
2013-01-14	100	137.020137	0.0	13702.0137
2013-01-15	100	137.113372	0.0	13711.3372
2013-01-16	100	137.094722	0.0	13709.4722
2013-01-17	100	137.980405	0.0	13798.0405
2013-01-18	100	138.288065	0.0	13828.8065
2013-01-22	100	139.033908	0.0	13903.3908
2013-01-23	100	139.257651	0.0	13925.7651
2013-01-24	100	139.294951	0.0	13929.4951
2013-01-25	100	140.07808	0.0	14007.808
2013-01-28	100	139.910273	0.0	13991.0273
2013-01-29	100	140.460326	0.0	14046.0326
2013-01-30	100	139.910273	0.0	13991.0273
2013-01-31	100	139.565312	0.0	13956.5312
2013-02-01	100	141.001062	0.0	14100.1062
2013-02-04	100	139.41614	0.0	13941.614
2013-02-05	0	140.823923	14082.3923	14082.3923
2013-02-06	-100	140.926476	28175.0399	14082.3923
2013-02-07	0	140.740019	14101.038	14101.038
2013-02-08	0	141.523148	14101.038	14101.038
2013-02-11	-100	141.49518	28250.556	14101.038
2013-02-12	-100	141.728255	28250.556	14077.7305
2013-02-13	-100	141.849444	28250.556	14065.6116
2013-02-14	-100	141.979965	28250.556	14052.5595
2013-02-15	0	141.812158	14069.3402	14069.3402
2013-02-19	0	142.87498	14069.3402	14069.3402
2013-02-20	-100	141.094283	28178.7685	14069.3402
2013-02-21	-100	140.236569	28178.7685	14155.1116
2013-02-22	-100	141.607051	28178.7685	14018.0634
2013-02-25	0	138.912705	14287.498	14287.498
2013-02-26	0	139.863655	14287.498	14287.498
2013-02-27	0	141.625701	14287.498	14287.498
2013-02-28	0	141.346008	14287.498	14287.498
2013-03-01	0	141.812158	14287.498	14287.498
2013-03-04	100	142.567319	30.7661	14287.498
2013-03-05	100	143.844566	30.7661	14415.2227
2013-03-06	100	144.040355	30.7661	14434.8016
2013-03-07	100	144.301398	30.7661	14460.9059
2013-03-08	0	144.916719	14522.438	14522.438
2013-03-11	0	145.466773	14522.438	14522.438
2013-03-12	100	145.140462	8.3918	14522.438
2013-03-13	100	145.345569	8.3918	14542.9487
2013-03-14	0	146.11938	14620.3298	14620.3298
2013-03-15	0	145.926477	14620.3298	14620.3298
2013-03-18	0	145.121132	14620.3298	14620.3298
2013-03-19	100	144.78401	141.9288	14620.3298
2013-03-20	0	145.795375	14721.4663	14721.4663
2013-03-21	100	144.549899	266.4764	14721.4663
2013-03-22	0	145.711098	14837.5862	14837.5862
2013-03-25	100	145.102399	327.3463	14837.5862
2013-03-26	100	146.263598	327.3463	14953.7061
2013-03-27	100	146.263598	327.3463	14953.7061
2013-03-28	100	146.713088	327.3463	14998.6551
2013-04-01	0	146.132496	14940.5959	14940.5959
2013-04-02	0	146.853564	14940.5959	14940.5959
2013-04-03	100	145.364603	404.1356	14940.5959
2013-04-04	0	145.954569	14999.5925	14999.5925
2013-04-05	100	145.299059	469.6866	14999.5925
2013-04-08	0	146.282331	15097.9197	15097.9197
2013-04-09	0	146.788006	15097.9197	15097.9197
2013-04-10	100	148.585981	239.3216	15097.9197
2013-04-11	100	149.072938	239.3216	15146.6154
2013-04-12	0	148.707724	15110.094	15110.094
2013-04-15	0	145.261593	15110.094	15110.094
2013-04-16	-100	147.406064	29850.7004	15110.094
2013-04-17	-100	145.252234	29850.7004	15325.477
2013-04-18	0	144.343879	15416.3125	15416.3125
2013-04-19	100	145.598714	856.4411	15416.3125
2013-04-22	100	146.244865	856.4411	15480.9276
2013-04-23	0	147.752545	15631.6956	15631.6956
2013-04-24	0	147.846195	15631.6956	15631.6956
2013-04-25	-100	148.44552	30476.2476	15631.6956
2013-04-26	0	148.183316	15657.916	15657.916
2013-04-29	-100	149.175947	30575.5107	15657.916
2013-04-30	0	149.531787	15622.332	15622.332
2013-05-01	100	148.220768	800.2552	15622.332
2013-05-02	0	149.597345	15759.9897	15759.9897
2013-05-03	0	151.114384	15759.9897	15759.9897
2013-05-06	100	151.498331	610.1566	15759.9897
2013-05-07	100	152.266224	610.1566	15836.779
2013-05-08	100	152.959185	610.1566	15906.0751
2013-05-09	0	152.528428	15862.9994	15862.9994
2013-05-10	100	153.024743	560.5251	15862.9994
2013-05-13	100	153.146472	560.5251	15875.1723
2013-05-14	100	154.729069	560.5251	16033.432
2013-05-15	0	155.562506	16116.7757	16116.7757
2013-05-16	0	154.832079	16116.7757	16116.7757
2013-05-17	100	156.330399	483.7358	16116.7757
2013-05-20	0	156.321025	16115.8383	16115.8383
2013-05-21	0	156.545778	16115.8383	16115.8383
2013-05-22	-100	155.384579	31654.2962	16115.8383
2013-05-23	0	154.935088	16160.7874	16160.7874
2013-05-24	100	154.803986	680.3888	16160.7874
2013-05-28	0	155.731074	16253.4962	16253.4962
2013-05-29	0	154.71971	16253.4962	16253.4962
2013-05-30	-100	155.290943	31782.5905	16253.4962
2013-05-31	-100	153.062195	31782.5905	16476.371
2013-06-03	-100	153.905006	31782.5905	16392.0899
2013-06-04	0	153.165205	16466.07	16466.07
2013-06-05	0	151.020748	16466.07	16466.07
2013-06-06	100	152.387952	1227.2748	16466.07
2013-06-07	0	154.326404	16659.9152	16659.9152
2013-06-10	0	154.326404	16659.9152	16659.9152
2013-06-11	0	152.734447	16659.9152	16659.9152
2013-06-12	100	151.470239	1512.8913	16659.9152
2013-06-13	100	153.773904	1512.8913	16890.2817
2013-06-14	100	152.80935	1512.8913	16793.8263
2013-06-17	100	153.989282	1512.8913	16911.8195
2013-06-18	0	155.206666	17033.5579	17033.5579
2013-06-19	-100	153.062195	32339.7774	17033.5579
2013-06-20	-100	149.269583	32339.7774	17412.8191
2013-06-21	-100	149.748769	32339.7774	17364.9005
2013-06-24	0	147.856542	17554.1232	17554.1232
2013-06-25	100	149.278068	2626.3164	17554.1232
2013-06-26	0	150.756061	17701.9225	17701.9225
2013-06-27	100	151.640981	2537.8244	17701.9225
2013-06-28	100	151.019653	2537.8244	17639.7897
2013-07-01	0	151.904573	17728.2817	17728.2817
2013-07-02	0	151.763368	17728.2817	17728.2817
2013-07-03	0	151.829259	17728.2817	17728.2817
2013-07-05	0	153.467303	17728.2817	17728.2817
2013-07-08	0	154.342799	17728.2817	17728.2817
2013-07-09	0	155.453661	17728.2817	17728.2817
2013-07-10	100	155.510143	2177.2674	17728.2817
2013-07-11	100	157.628296	2177.2674	17940.097
2013-07-12	100	157.694187	2177.2674	17946.6861
2013-07-15	100	158.296683	2177.2674	18006.9357
2013-07-16	100	157.70361	2177.2674	17947.6284
2013-07-17	0	158.108406	17988.108	17988.108
2013-07-18	0	158.974494	17988.108	17988.108
2013-07-19	100	159.256917	2062.4163	17988.108
2013-07-22	0	159.567581	18019.1744	18019.1744
2013-07-23	0	159.228676	18019.1744	18019.1744
2013-07-24	0	158.645012	18019.1744	18019.1744
2013-07-25	-100	159.030976	33922.272	18019.1744
2013-07-26	-100	159.200435	33922.272	18002.2285
2013-07-29	-100	158.710902	33922.272	18051.1818
2013-07-30	0	158.710902	18051.1818	18051.1818
2013-07-31	100	158.82388	2168.7938	18051.1818
2013-08-01	100	160.659611	2168.7938	18234.7549
2013-08-02	0	160.932611	18262.0549	18262.0549
2013-08-05	100	160.697261	2192.3288	18262.0549
2013-08-06	100	159.7841	2192.3288	18170.7388
2013-08-07	100	159.266326	2192.3288	18118.9614
2013-08-08	100	159.850005	2192.3288	18177.3293
2013-08-09	0	159.388713	18131.2001	18131.2001
2013-08-12	100	159.200435	2211.1566	18131.2001
2013-08-13	0	159.671136	18178.2702	18178.2702
2013-08-14	-100	158.852121	34063.4823	18178.2702
2013-08-15	-100	156.630413	34063.4823	18400.441
2013-08-16	-100	156.112639	34063.4823	18452.2184
2013-08-19	-100	155.114756	34063.4823	18552.0067
2013-08-20	-100	155.877289	34063.4823	18475.7534
2013-08-21	0	154.917055	18571.7768	18571.7768
2013-08-22	-100	156.329157	34204.6925	18571.7768
2013-08-23	-100	156.85634	34204.6925	18519.0585
2013-08-26	0	156.272676	18577.4249	18577.4249
2013-08-27	0	153.759135	18577.4249	18577.4249
2013-08-28	0	154.30515	18577.4249	18577.4249
2013-08-29	-100	154.549909	34032.4158	18577.4249
2013-08-30	0	154.060376	18626.3782	18626.3782
2013-09-03	100	154.757018	3150.6764	18626.3782
2013-09-04	100	156.037325	3150.6764	18754.4089
2013-09-05	0	156.235026	18774.179	18774.179
2013-09-06	0	156.310325	18774.179	18774.179
2013-09-09	100	157.807165	2993.4625	18774.179
2013-09-10	100	158.974494	2993.4625	18890.9119
2013-09-11	100	159.473436	2993.4625	18940.8061
2013-09-12	100	159.049808	2993.4625	18898.4433
2013-09-13	0	159.407545	18934.217	18934.217
2013-09-16	100	160.330114	2901.2056	18934.217
2013-09-17	100	161.045589	2901.2056	19005.7645
2013-09-18	100	162.90956	2901.2056	19192.1616
2013-09-19	0	162.636546	19164.8602	19164.8602
2013-09-20	-100	161.499479	35314.8081	19164.8602
2013-09-23	0	160.752139	19239.5942	19239.5942
2013-09-24	0	160.373749	19239.5942	19239.5942
2013-09-25	0	159.910208	19239.5942	19239.5942
2013-09-26	-100	160.525111	35292.1053	19239.5942
2013-09-27	0	159.787239	19313.3814	19313.3814
2013-09-30	100	158.935839	3419.7975	19313.3814
2013-10-01	100	160.194008	3419.7975	19439.1983
2013-10-02	0	160.042646	19424.0621	19424.0621
2013-10-03	0	158.566903	19424.0621	19424.0621
2013-10-04	0	159.768315	19424.0621	19424.0621
2013-10-07	0	158.387163	19424.0621	19424.0621
2013-10-08	-100	156.542485	35078.3106	19424.0621
2013-10-09	0	156.656013	19412.7093	19412.7093
2013-10-10	0	160.033191	19412.7093	19412.7093
2013-10-11	0	161.064318	19412.7093	19412.7093
2013-10-14	0	161.707598	19412.7093	19412.7093
2013-10-15	0	160.534565	19412.7093	19412.7093
2013-10-16	0	162.776572	19412.7093	19412.7093
2013-10-17	0	163.864455	19412.7093	19412.7093
2013-10-18	100	164.971262	2915.5831	19412.7093
2013-10-21	100	164.980717	2915.5831	19413.6548
2013-10-22	0	165.936177	19509.2008	19509.2008
2013-10-23	100	165.141548	2995.046	19509.2008
2013-10-24	100	165.69021	2995.046	19564.067
2013-10-25	0	166.447005	19639.7465	19639.7465
2013-10-28	0	166.711881	19639.7465	19639.7465
2013-10-29	-100	167.601115	36399.858	19639.7465
2013-10-30	-100	166.768638	36399.858	19722.9942
2013-10-31	-100	166.295643	36399.858	19770.2937
2013-11-01	0	166.692972	19730.5608	19730.5608
2013-11-04	0	167.279481	19730.5608	19730.5608
2013-11-05	-100	166.749729	36405.5337	19730.5608
2013-11-06	-100	167.601115	36405.5337	19645.4222
2013-11-07	0	165.482091	19857.3246	19857.3246
2013-11-08	100	167.714629	3085.8617	19857.3246
2013-11-11	100	167.743022	3085.8617	19860.1639
2013-11-12	100	167.402465	3085.8617	19826.1082
2013-11-13	0	168.745769	19960.4386	19960.4386
2013-11-14	100	169.5877	3001.6686	19960.4386
2013-11-15	0	170.325571	20034.2257	20034.2257
2013-11-18	0	169.729593	20034.2257	20034.2257
2013-11-19	-100	169.360657	36970.2914	20034.2257
2013-11-20	0	168.830905	20087.2009	20087.2009
2013-11-21	100	170.193133	3067.8876	20087.2009
2013-11-22	100	171.044519	3067.8876	20172.3395
2013-11-25	0	170.874248	20155.3124	20155.3124
2013-11-26	100	170.921536	3063.1588	20155.3124
2013-11-27	100	171.337774	3063.1588	20196.9362
2013-11-29	0	171.224259	20185.5847	20185.5847
2013-12-02	0	170.779643	20185.5847	20185.5847
2013-12-03	-100	170.041771	37189.7618	20185.5847
2013-12-04	0	170.022848	20187.477	20187.477
2013-12-05	100	169.275522	3259.9248	20187.477
2013-12-06	100	171.167502	3259.9248	20376.675
2013-12-09	100	171.60265	3259.9248	20420.1898
2013-12-10	0	170.987762	20358.701	20358.701
2013-12-11	0	169.067403	20358.701	20358.701
2013-12-12	100	168.509272	3507.7738	20358.701
2013-12-13	100	168.490348	3507.7738	20356.8086
2013-12-16	100	169.540398	3507.7738	20461.8136
2013-12-17	100	169.001176	3507.7738	20407.8914
2013-12-18	100	171.88645	3507.7738	20696.4188
2013-12-19	100	171.6878	3507.7738	20676.5538
2013-12-20	100	172.686474	3507.7738	20776.4212
2013-12-23	0	173.609067	20868.6805	20868.6805
2013-12-24	0	173.989512	20868.6805	20868.6805
2013-12-26	0	174.874067	20868.6805	20868.6805
2013-12-27	0	174.864561	20868.6805	20868.6805
2013-12-30	0	174.836028	20868.6805	20868.6805
2013-12-31	0	175.663503	20868.6805	20868.6805
2014-01-02	0	173.980006	20868.6805	20868.6805
2014-01-03	-100	173.951473	38263.8278	20868.6805
2014-01-06	-100	173.447378	38263.8278	20919.09
2014-01-07	-100	174.512634	38263.8278	20812.5644
2014-01-08	-100	174.550688	38263.8278	20808.759
2014-01-09	0	174.664818	20797.346	20797.346
2014-01-10	-100	175.140381	38311.3841	20797.346
2014-01-13	0	172.810125	21030.3716	21030.3716
2014-01-14	0	174.693351	21030.3716	21030.3716
2014-01-15	-100	175.634971	38593.8687	21030.3716
2014-01-16	-100	175.406695	38593.8687	21053.1992
2014-01-17	-100	174.664818	38593.8687	21127.3869
2014-01-21	0	175.17842	21076.0267	21076.0267
2014-01-22	-100	175.292565	38605.2832	21076.0267
2014-01-23	0	173.856355	21219.6477	21219.6477
2014-01-24	0	170.146969	21219.6477	21219.6477
2014-01-27	100	169.309973	4288.6504	21219.6477
2014-01-28	100	170.318179	4288.6504	21320.4683
2014-01-29	100	168.682241	4288.6504	21156.8745
2014-01-30	0	170.470348	21335.6852	21335.6852
2014-01-31	0	169.471663	21335.6852	21335.6852
2014-02-03	0	165.657652	21335.6852	21335.6852
2014-02-04	100	166.818027	4653.8825	21335.6852
2014-02-05	100	166.608778	4653.8825	21314.7603
2014-02-06	0	168.805877	21534.4702	21534.4702
2014-02-07	0	170.898352	21534.4702	21534.4702
2014-02-10	100	171.212225	4413.2477	21534.4702
2014-02-11	100	173.085945	4413.2477	21721.8422
2014-02-12	0	173.171557	21730.4034	21730.4034
2014-02-13	100	174.065604	4323.843	21730.4034
2014-02-14	100	175.026251	4323.843	21826.4681
2014-02-18	100	175.2355	4323.843	21847.393
2014-02-19	100	174.075124	4323.843	21731.3554
2014-02-20	100	175.102343	4323.843	21834.0773
2014-02-21	100	174.9026	4323.843	21814.103
2014-02-24	0	175.872752	21911.1182	21911.1182
2014-02-25	100	175.806167	4330.5015	21911.1182
2014-02-26	0	175.815687	21912.0702	21912.0702
2014-02-27	0	176.738281	21912.0702	21912.0702
2014-02-28	0	177.185297	21912.0702	21912.0702
2014-03-03	0	175.939324	21912.0702	21912.0702
2014-03-04	100	178.412258	4070.8444	21912.0702
2014-03-05	100	178.573947	4070.8444	21928.2391
2014-03-06	0	178.982925	21969.1369	21969.1369
2014-03-07	100	179.059017	4063.2352	21969.1369
2014-03-10	0	178.963913	21959.6265	21959.6265
2014-03-11	0	178.079358	21959.6265	21959.6265
2014-03-12	0	178.126917	21959.6265	21959.6265
2014-03-13	100	176.129546	4346.6719	21959.6265
2014-03-14	0	175.634971	21910.169	21910.169
2014-03-17	-100	177.22335	39632.504	21910.169
2014-03-18	-100	178.48835	39632.504	21783.669
2014-03-19	-100	177.537223	39632.504	21878.7817
2014-03-20	-100	178.573947	39632.504	21775.1093
2014-03-21	0	177.881325	21844.3715	21844.3715
2014-03-24	100	177.145721	4129.7994	21844.3715
2014-03-25	100	177.986411	4129.7994	21928.4405
2014-03-26	100	176.70628	4129.7994	21800.4274
2014-03-27	100	176.333705	4129.7994	21763.1699
2014-03-28	100	177.203053	4129.7994	21850.1047
2014-03-31	100	178.655135	4129.7994	21995.3129
2014-04-01	100	179.839742	4129.7994	22113.7736
2014-04-02	100	180.441601	4129.7994	22173.9595
2014-04-03	0	180.20277	22150.0764	22150.0764
2014-04-04	100	178.072387	4342.8377	22150.0764
2014-04-07	100	176.104422	4342.8377	21953.2799
2014-04-08	100	176.830477	4342.8377	22025.8854
2014-04-09	100	178.731563	4342.8377	22215.994
2014-04-10	0	174.977146	21840.5523	21840.5523
2014-04-11	0	173.400853	21840.5523	21840.5523
2014-04-14	100	174.766974	4363.8549	21840.5523
2014-04-15	100	175.970677	4363.8549	21960.9226
2014-04-16	0	177.81446	22145.3009	22145.3009
2014-04-17	100	178.062839	4339.017	22145.3009
2014-04-21	0	178.683793	22207.3963	22207.3963
2014-04-22	0	179.495825	22207.3963	22207.3963
2014-04-23	100	179.07548	4299.8483	22207.3963
2014-04-24	0	179.438508	22243.6991	22243.6991
2014-04-25	100	177.9673	4446.9691	22243.6991
2014-04-28	100	178.530953	4446.9691	22300.0644
2014-04-29	100	179.36208	4446.9691	22383.1771
2014-04-30	100	179.897059	4446.9691	22436.675
2014-05-01	0	179.91617	22438.5861	22438.5861
2014-05-02	-100	179.658228	40404.4089	22438.5861
2014-05-05	-100	180.002145	40404.4089	22404.1944
2014-05-06	-100	178.435414	40404.4089	22560.8675
2014-05-07	-100	179.486277	40404.4089	22455.7812
2014-05-08	-100	179.2952	40404.4089	22474.8889
2014-05-09	0	179.562704	22448.1385	22448.1385
2014-05-12	100	181.310934	4317.0451	22448.1385
2014-05-13	0	181.473352	22464.3803	22464.3803
2014-05-14	-100	180.613552	40525.7355	22464.3803
2014-05-15	-100	179.027711	40525.7355	22622.9644
2014-05-16	0	179.64868	22560.8675	22560.8675
2014-05-19	100	180.307856	4530.0819	22560.8675
2014-05-20	100	179.171018	4530.0819	22447.1837
2014-05-21	100	180.680432	4530.0819	22598.1251
2014-05-22	100	181.119873	4530.0819	22642.0692
2014-05-23	100	181.845928	4530.0819	22714.6747
2014-05-27	100	182.963655	4530.0819	22826.4474
2014-05-28	100	182.829911	4530.0819	22813.073
2014-05-29	100	183.775672	4530.0819	22907.6491
2014-05-30	100	184.07182	4530.0819	22937.2639
2014-06-02	100	184.281993	4530.0819	22958.2812
2014-06-03	100	184.186469	4530.0819	22948.7288
2014-06-04	100	184.559045	4530.0819	22985.9864
2014-06-05	100	185.762748	4530.0819	23106.3567
2014-06-06	0	186.651207	23195.2026	23195.2026
2014-06-09	100	186.842269	4510.9757	23195.2026
2014-06-10	100	186.861379	4510.9757	23197.1136
2014-06-11	100	186.211751	4510.9757	23132.1508
2014-06-12	0	184.893399	23000.3156	23000.3156
2014-06-13	0	185.457052	23000.3156	23000.3156
2014-06-16	0	185.609892	23000.3156	23000.3156
2014-06-17	0	186.125776	23000.3156	23000.3156
2014-06-18	0	187.491882	23000.3156	23000.3156
2014-06-19	100	187.702054	4230.1102	23000.3156
2014-06-20	0	188.083151	23038.4253	23038.4253
2014-06-23	-100	188.025559	41840.9812	23038.4253
2014-06-24	-100	186.892868	41840.9812	23151.6944
2014-06-25	-100	187.737586	41840.9812	23067.2226
2014-06-26	0	187.6032	23080.6612	23080.6612
2014-06-27	100	187.967968	4283.8644	23080.6612
2014-06-30	100	187.871972	4283.8644	23071.0616
2014-07-01	100	189.129441	4283.8644	23196.8085
2014-07-02	0	189.321418	23216.0062	23216.0062
2014-07-03	-100	190.252524	42241.2586	23216.0062
2014-07-07	-100	189.590189	42241.2586	23282.2397
2014-07-08	-100	188.371125	42241.2586	23404.1461
2014-07-09	-100	189.215828	42241.2586	23319.6758
2014-07-10	-100	188.467106	42241.2586	23394.548
2014-07-11	-100	188.726284	42241.2586	23368.6302
2014-07-14	-100	189.676592	42241.2586	23273.5994
2014-07-15	0	189.321418	23309.1168	23309.1168
2014-07-16	0	190.022157	23309.1168	23309.1168
2014-07-17	0	187.862378	23309.1168	23309.1168
2014-07-18	100	189.782181	4330.8987	23309.1168
2014-07-21	100	189.427008	4330.8987	23273.5995
2014-07-22	0	190.252524	23356.1511	23356.1511
2014-07-23	0	190.674883	23356.1511	23356.1511
2014-07-24	-100	190.684477	42424.5988	23356.1511
2014-07-25	0	189.791775	23445.4213	23445.4213
2014-07-28	0	189.868569	23445.4213	23445.4213
2014-07-29	0	189.052647	23445.4213	23445.4213
2014-07-30	-100	189.081443	42353.5656	23445.4213
2014-07-31	-100	185.347425	42353.5656	23818.8231
2014-08-01	0	184.781087	23875.4569	23875.4569
2014-08-04	0	186.11535	23875.4569	23875.4569
2014-08-05	100	184.31073	5444.3839	23875.4569
2014-08-06	100	184.368336	5444.3839	23881.2175
2014-08-07	100	183.37003	5444.3839	23781.3869
2014-08-08	0	185.491419	23993.5258	23993.5258
2014-08-11	-100	186.028962	42596.422	23993.5258
2014-08-12	0	185.769785	24019.4435	24019.4435
2014-08-13	0	187.027253	24019.4435	24019.4435
2014-08-14	0	187.910361	24019.4435	24019.4435
2014-08-15	0	187.871972	24019.4435	24019.4435
2014-08-18	0	189.44621	24019.4435	24019.4435
2014-08-19	100	190.434908	4975.9527	24019.4435
2014-08-20	100	190.943654	4975.9527	24070.3181
2014-08-21	100	191.500399	4975.9527	24125.9926
2014-08-22	100	191.202832	4975.9527	24096.2359
2014-08-25	100	192.172327	4975.9527	24193.1854
2014-08-26	100	192.297119	4975.9527	24205.6646
2014-08-27	100	192.220325	4975.9527	24197.9852
2014-08-28	100	192.114736	4975.9527	24187.4263
2014-08-29	100	192.661887	4975.9527	24242.1414
2014-09-02	100	192.565891	4975.9527	24232.5418
2014-09-03	100	192.460301	4975.9527	24221.9828
2014-09-04	100	192.181936	4975.9527	24194.1463
2014-09-05	100	193.045842	4975.9527	24280.5369
2014-09-08	0	192.546689	24230.6216	24230.6216
2014-09-09	0	191.327624	24230.6216	24230.6216
2014-09-10	100	192.04755	5025.8666	24230.6216
2014-09-11	0	192.268323	24252.6989	24252.6989
2014-09-12	-100	191.14524	43367.2229	24252.6989
2014-09-15	0	191.001246	24267.0983	24267.0983
2014-09-16	0	192.441099	24267.0983	24267.0983
2014-09-17	100	192.700276	4997.0707	24267.0983
2014-09-18	0	193.727378	24369.8085	24369.8085
2014-09-19	0	193.552815	24369.8085	24369.8085
2014-09-22	-100	192.058009	43575.6094	24369.8085
2014-09-23	0	190.958607	24479.7487	24479.7487
2014-09-24	0	192.453412	24479.7487	24479.7487
2014-09-25	100	189.348079	5544.9408	24479.7487
2014-09-26	100	190.852523	5544.9408	24630.1931
2014-09-29	0	190.505343	24595.4751	24595.4751
2014-09-30	0	190.003871	24595.4751	24595.4751
2014-10-01	100	187.428955	5852.5796	24595.4751
2014-10-02	100	187.457886	5852.5796	24598.3682
2014-10-03	100	189.521677	5852.5796	24804.7473
2014-10-06	0	189.299857	24782.5653	24782.5653
2014-10-07	0	186.37776	24782.5653	24782.5653
2014-10-08	-100	189.637399	43746.3052	24782.5653
2014-10-09	-100	185.876289	43746.3052	25158.6763
2014-10-10	0	183.754622	25370.843	25370.843
2014-10-13	100	180.736095	7297.2335	25370.843
2014-10-14	100	181.015761	7297.2335	25398.8096
2014-10-15	100	179.790984	7297.2335	25276.3319
2014-10-16	100	179.636693	7297.2335	25260.9028
2014-10-17	100	181.758345	7297.2335	25473.068
2014-10-20	100	183.523178	7297.2335	25649.5513
2014-10-21	100	187.158928	7297.2335	26013.1263
2014-10-22	100	185.828066	7297.2335	25880.0401
2014-10-23	100	187.988288	7297.2335	26096.0623
2014-10-24	100	189.434871	7297.2335	26240.7206
2014-10-27	100	189.174496	7297.2335	26214.6831
2014-10-28	100	191.344371	7297.2335	26431.6706
2014-10-29	100	191.055052	7297.2335	26402.7387
2014-10-30	100	192.279829	7297.2335	26525.2164
2014-10-31	100	194.478634	7297.2335	26745.0969
2014-11-03	0	194.584718	26755.7053	26755.7053
2014-11-04	100	193.909649	7364.7404	26755.7053
2014-11-05	100	195.134412	7364.7404	26878.1816
2014-11-06	100	195.915564	7364.7404	26956.2968
2014-11-07	100	196.0988	7364.7404	26974.6204
2014-11-10	100	196.716009	7364.7404	27036.3413
2014-11-11	100	196.908883	7364.7404	27055.6287
2014-11-12	100	196.696731	7364.7404	27034.4135
2014-11-13	100	196.918537	7364.7404	27056.5941
2014-11-14	100	196.966759	7364.7404	27061.4163
2014-11-17	100	197.09212	7364.7404	27073.9524
2014-11-18	0	198.230106	27187.751	27187.751
2014-11-19	0	197.911856	27187.751	27187.751
2014-11-20	0	198.259036	27187.751	27187.751
2014-11-21	0	199.319855	27187.751	27187.751
2014-11-24	100	199.879202	7199.8308	27187.751
2014-11-25	100	199.73455	7199.8308	27173.2858
2014-11-26	0	200.245675	27224.3983	27224.3983
2014-11-28	-100	199.821342	47206.5325	27224.3983
2014-12-01	0	198.432619	27363.2706	27363.2706
2014-12-02	0	199.715258	27363.2706	27363.2706
2014-12-03	0	200.486772	27363.2706	27363.2706
2014-12-04	100	200.264967	7336.7739	27363.2706
2014-12-05	0	200.592855	27396.0594	27396.0594
2014-12-08	0	199.252356	27396.0594	27396.0594
2014-12-09	0	199.117342	27396.0594	27396.0594
2014-12-10	0	195.925218	27396.0594	27396.0594
2014-12-11	-100	196.918537	47087.9131	27396.0594
2014-12-12	-100	193.736051	47087.9131	27714.308
2014-12-15	0	192.40519	27847.3941	27847.3941
2014-12-16	0	190.862177	27847.3941	27847.3941
2014-12-17	0	194.603995	27847.3941	27847.3941
2014-12-18	100	199.4163	7905.7641	27847.3941
2014-12-19	100	200.264795	7905.7641	27932.2436
2014-12-22	0	201.186018	28024.3659	28024.3659
2014-12-23	0	201.457536	28024.3659	28024.3659
2014-12-24	100	201.476934	7876.6725	28024.3659
2014-12-26	100	202.126639	7876.6725	28089.3364
2014-12-29	100	202.398157	7876.6725	28116.4882
2014-12-30	0	201.312085	28007.881	28007.881
2014-12-31	0	199.314467	28007.881	28007.881
2015-01-02	0	199.207798	28007.881	28007.881
2015-01-05	0	195.610177	28007.881	28007.881
2015-01-06	100	193.767732	8631.1078	28007.881
2015-01-07	100	196.182304	8631.1078	28249.3382
2015-01-08	100	199.663564	8631.1078	28597.4642
2015-01-09	100	198.063546	8631.1078	28437.4624
2015-01-12	100	196.512002	8631.1078	28282.308
2015-01-13	0	195.959274	28227.0352	28227.0352
2015-01-14	100	194.776225	8749.4127	28227.0352
2015-01-15	100	192.99196	8749.4127	28048.6087
2015-01-16	100	195.522907	8749.4127	28301.7034
2015-01-20	100	195.939876	8749.4127	28343.4003
2015-01-21	100	196.928985	8749.4127	28442.3112
2015-01-22	100	199.857518	8749.4127	28735.1645
2015-01-23	0	198.761739	28625.5866	28625.5866
2015-01-26	-100	199.227197	48548.3063	28625.5866
2015-01-27	-100	196.599287	48548.3063	28888.3776
2015-01-28	-100	194.078032	48548.3063	29140.5031
2015-01-29	0	195.872004	28961.1059	28961.1059
2015-01-30	100	193.408928	9620.2131	28961.1059
2015-02-02	100	195.804117	9620.2131	29200.6248
2015-02-03	0	198.635672	29483.7803	29483.7803
2015-02-04	100	197.879298	9695.8505	29483.7803
2015-02-05	0	199.876901	29683.5406	29683.5406
2015-02-06	0	199.324174	29683.5406	29683.5406
2015-02-09	0	198.432041	29683.5406	29683.5406
2015-02-10	-100	200.546005	49738.1411	29683.5406
2015-02-11	0	200.662365	29671.9046	29671.9046
2015-02-12	100	202.592096	9412.695	29671.9046
2015-02-13	0	203.426049	29755.2999	29755.2999
2015-02-17	100	203.746055	9380.6944	29755.2999
2015-02-18	100	203.765454	9380.6944	29757.2398
2015-02-19	100	203.619988	9380.6944	29742.6932
2015-02-20	100	204.841834	9380.6944	29864.8778
2015-02-23	100	204.812744	9380.6944	29861.9688
2015-02-24	0	205.394561	29920.1505	29920.1505
2015-02-25	0	205.220021	29920.1505	29920.1505
2015-02-26	0	204.977593	29920.1505	29920.1505
2015-02-27	0	204.279399	29920.1505	29920.1505
2015-03-02	100	205.569117	9363.2388	29920.1505
2015-03-03	0	204.725458	29835.7846	29835.7846
2015-03-04	0	203.862416	29835.7846	29835.7846
2015-03-05	0	204.08546	29835.7846	29835.7846
2015-03-06	0	201.215108	29835.7846	29835.7846
2015-03-09	-100	202.04906	50040.6906	29835.7846
2015-03-10	-100	198.771431	50040.6906	30163.5475
2015-03-11	0	198.305974	30210.0932	30210.0932
2015-03-12	100	200.827229	10127.3703	30210.0932
2015-03-13	100	199.595692	10127.3703	30086.9395
2015-03-16	100	202.262398	10127.3703	30353.6101
2015-03-17	100	201.661182	10127.3703	30293.4885
2015-03-18	0	204.08546	30535.9163	30535.9163
2015-03-19	100	203.154531	10220.4632	30535.9163
2015-03-20	0	204.947741	30715.2373	30715.2373
2015-03-23	0	204.548382	30715.2373	30715.2373
2015-03-24	0	203.399022	30715.2373	30715.2373
2015-03-25	100	200.418447	10673.3926	30715.2373
2015-03-26	0	199.941177	30667.5103	30667.5103
2015-03-27	0	200.398977	30667.5103	30667.5103
2015-03-30	-100	202.843812	50951.8915	30667.5103
2015-03-31	-100	201.071052	50951.8915	30844.7863
2015-04-01	0	200.360007	30915.8908	30915.8908
2015-04-02	0	201.080802	30915.8908	30915.8908
2015-04-06	100	202.434717	10672.4191	30915.8908
2015-04-07	0	201.898992	30862.3183	30862.3183
2015-04-08	100	202.580817	10604.2366	30862.3183
2015-04-09	0	203.476932	30951.9298	30951.9298
2015-04-10	100	204.587337	10493.1961	30951.9298
2015-04-13	100	203.662002	10493.1961	30859.3963
2015-04-14	100	204.051627	10493.1961	30898.3588
2015-04-15	0	204.967212	30989.9173	30989.9173
2015-04-16	0	204.908772	30989.9173	30989.9173
2015-04-17	0	202.551597	30989.9173	30989.9173
2015-04-20	100	204.402282	10549.6891	30989.9173
2015-04-21	100	204.158772	10549.6891	30965.5663
2015-04-22	100	205.162031	10549.6891	31065.8922
2015-04-23	100	205.678271	10549.6891	31117.5162
2015-04-24	0	206.155541	31165.2432	31165.2432
2015-04-27	0	205.298396	31165.2432	31165.2432
2015-04-28	0	205.951001	31165.2432	31165.2432
2015-04-29	0	205.103591	31165.2432	31165.2432
2015-04-30	0	203.048367	31165.2432	31165.2432
2015-05-01	-100	205.249691	51690.2123	31165.2432
2015-05-04	-100	205.834121	51690.2123	31106.8002
2015-05-05	-100	203.476932	51690.2123	31342.5191
2015-05-06	-100	202.639257	51690.2123	31426.2866
2015-05-07	0	203.447712	31345.4411	31345.4411
2015-05-08	-100	206.126321	51958.0732	31345.4411
2015-05-11	0	205.142547	31443.8185	31443.8185
2015-05-12	100	204.528897	10990.9288	31443.8185
2015-05-13	100	204.567867	10990.9288	31447.7155
2015-05-14	100	206.701016	10990.9288	31661.0304
2015-05-15	100	206.925041	10990.9288	31683.4329
2015-05-18	100	207.567911	10990.9288	31747.7199
2015-05-19	100	207.499721	10990.9288	31740.9009
2015-05-20	100	207.353621	10990.9288	31726.2909
2015-05-21	0	207.957521	31786.6809	31786.6809
2015-05-22	0	207.460766	31786.6809	31786.6809
2015-05-26	0	205.230207	31786.6809	31786.6809
2015-05-27	100	207.178286	11068.8523	31786.6809
2015-05-28	100	206.944526	11068.8523	31763.3049
2015-05-29	100	205.658786	11068.8523	31634.7309
2015-06-01	100	206.077631	11068.8523	31676.6154
2015-06-02	100	205.873076	11068.8523	31656.1599
2015-06-03	0	206.418536	31710.7059	31710.7059
2015-06-04	-100	204.675012	52178.2071	31710.7059
2015-06-05	-100	204.324357	52178.2071	31745.7714
2015-06-08	-100	203.067837	52178.2071	31871.4234
2015-06-09	0	203.038617	31874.3454	31874.3454
2015-06-10	-100	205.483466	52422.692	31874.3454
2015-06-11	-100	206.136071	52422.692	31809.0849
2015-06-12	0	204.558117	31966.8803	31966.8803
2015-06-15	100	203.671752	11599.7051	31966.8803
2015-06-16	100	204.791892	11599.7051	32078.8943
2015-06-17	0	205.123062	32112.0113	32112.0113
2015-06-18	0	207.256211	32112.0113	32112.0113
2015-06-19	100	206.336164	11478.3949	32112.0113
2015-06-22	100	207.393246	11478.3949	32217.7195
2015-06-23	0	207.549854	32233.3803	32233.3803
2015-06-24	-100	206.042527	52837.633	32233.3803
2015-06-25	-100	205.406328	52837.633	32297.0002
2015-06-26	0	205.367183	32300.9147	32300.9147
2015-06-29	0	201.060551	32300.9147	32300.9147
2015-06-30	100	201.481434	12152.7713	32300.9147
2015-07-01	0	203.096411	32462.4124	32462.4124
2015-07-02	0	202.920238	32462.4124	32462.4124
2015-07-06	100	202.332966	12229.1158	32462.4124
2015-07-07	0	203.595583	32588.6741	32588.6741
2015-07-08	0	200.18944	32588.6741	32588.6741
2015-07-09	0	200.551583	32588.6741	32588.6741
2015-07-10	0	203.076831	32588.6741	32588.6741
2015-07-13	0	205.308444	32588.6741	32588.6741
2015-07-14	-100	206.208918	53209.5659	32588.6741
2015-07-15	0	206.140411	32595.5248	32595.5248
2015-07-16	100	207.794548	11816.07	32595.5248
2015-07-17	100	207.960939	11816.07	32612.1639
2015-07-20	100	208.078387	11816.07	32623.9087
2015-07-21	0	207.266	32542.67	32542.67
2015-07-22	0	206.884277	32542.67	32542.67
2015-07-23	-100	205.719529	53114.6229	32542.67
2015-07-24	0	203.5858	32756.0429	32756.0429
2015-07-27	0	202.401472	32756.0429	32756.0429
2015-07-28	0	204.887577	32756.0429	32756.0429
2015-07-29	100	206.297019	12126.341	32756.0429
2015-07-30	0	206.345961	32760.9371	32760.9371
2015-07-31	-100	206.032745	53364.2116	32760.9371
2015-08-03	-100	205.337806	53364.2116	32830.431
2015-08-04	-100	204.936518	53364.2116	32870.5598
2015-08-05	-100	205.611878	53364.2116	32803.0238
2015-08-06	-100	203.928378	53364.2116	32971.3738
2015-08-07	0	203.536858	33010.5258	33010.5258
2015-08-10	-100	206.101267	53620.6525	33010.5258
2015-08-11	-100	204.231797	53620.6525	33197.4728
2015-08-12	-100	204.486274	53620.6525	33172.0251
2015-08-13	0	204.231797	33197.4728	33197.4728
2015-08-14	0	204.975663	33197.4728	33197.4728
2015-08-17	0	206.120831	33197.4728	33197.4728
2015-08-18	-100	205.523776	53749.8504	33197.4728
2015-08-19	0	203.899016	33359.9488	33359.9488
2015-08-20	100	199.641326	13395.8162	33359.9488
2015-08-21	100	193.631631	13395.8162	32758.9793
2015-08-24	100	185.478409	13395.8162	31943.6571
2015-08-25	100	183.295739	13395.8162	31725.3901
2015-08-26	100	190.333154	13395.8162	32429.1316
2015-08-27	100	195.041073	13395.8162	32899.9235
2015-08-28	100	195.050856	13395.8162	32900.9018
2015-08-31	0	193.475023	32743.3185	32743.3185
2015-09-01	100	187.700239	13973.2946	32743.3185
2015-09-02	100	191.26299	13973.2946	33099.5936
2015-09-03	0	191.400018	33113.2964	33113.2964
2015-09-04	100	188.502829	14263.0135	33113.2964
2015-09-08	100	193.240111	14263.0135	33587.0246
2015-09-09	100	190.656138	14263.0135	33328.6273
2015-09-10	0	191.693655	33432.379	33432.379
2015-09-11	-100	192.564767	52688.8557	33432.379
2015-09-14	0	191.850248	33503.8309	33503.8309
2015-09-15	100	194.238468	14079.9841	33503.8309
2015-09-16	100	195.93175	14079.9841	33673.1591
2015-09-17	0	195.491303	33629.1144	33629.1144
2015-09-18	100	192.296684	14399.446	33629.1144
2015-09-21	100	193.290398	14399.446	33728.4858
2015-09-22	100	190.771688	14399.446	33476.6148
2015-09-23	0	190.47654	33447.1	33447.1
2015-09-24	-100	189.787821	52425.8821	33447.1
2015-09-25	-100	189.758307	52425.8821	33450.0514
2015-09-28	-100	184.976715	52425.8821	33928.2106
2015-09-29	0	185.084941	33917.388	33917.388
2015-09-30	0	188.538322	33917.388	33917.388
2015-10-01	100	189.030255	15014.3625	33917.388
2015-10-02	0	191.853947	34199.7572	34199.7572
2015-10-05	0	195.267964	34199.7572	34199.7572
2015-10-06	100	194.598927	14739.8645	34199.7572
2015-10-07	100	196.192801	14739.8645	34359.1446
2015-10-08	0	197.963764	34536.2409	34536.2409
2015-10-09	100	198.081823	14728.0586	34536.2409
2015-10-12	100	198.26876	14728.0586	34554.9346
2015-10-13	0	197.019245	34429.9831	34429.9831
2015-10-14	100	196.074727	14822.5104	34429.9831
2015-10-15	100	199.085371	14822.5104	34731.0475
2015-10-16	100	199.990526	14822.5104	34821.563
2015-10-19	0	200.088904	34831.4008	34831.4008
2015-10-20	-100	199.833104	54814.7112	34831.4008
2015-10-21	0	198.593438	34955.3674	34955.3674
2015-10-22	100	201.948411	14760.5263	34955.3674
2015-10-23	100	204.16211	14760.5263	35176.7373
2015-10-26	0	203.660343	35126.5606	35126.5606
2015-10-27	100	203.266803	14799.8803	35126.5606
2015-10-28	0	205.57888	35357.7683	35357.7683
2015-10-29	-100	205.460821	55903.8504	35357.7683
2015-10-30	0	204.575332	35446.3172	35446.3172
2015-11-02	100	206.99565	14746.7522	35446.3172
2015-11-03	0	207.595809	35506.3331	35506.3331
2015-11-04	-100	206.966135	56202.9466	35506.3331
2015-11-05	-100	206.759517	56202.9466	35526.9949
2015-11-06	-100	206.651291	56202.9466	35537.8175
2015-11-09	-100	204.722921	56202.9466	35730.6545
2015-11-10	-100	205.195173	56202.9466	35683.4293
2015-11-11	-100	204.38841	56202.9466	35764.1056
2015-11-12	-100	201.535188	56202.9466	36049.4278
2015-11-13	-100	199.272293	56202.9466	36275.7173
2015-11-16	-100	202.302603	56202.9466	35972.6863
2015-11-17	0	202.155029	35987.4437	35987.4437
2015-11-18	-100	205.362428	56523.6865	35987.4437
2015-11-19	0	205.185339	36005.1526	36005.1526
2015-11-20	0	205.933072	36005.1526	36005.1526
2015-11-23	0	205.696954	36005.1526	36005.1526
2015-11-24	0	205.972435	36005.1526	36005.1526
2015-11-25	0	205.942921	36005.1526	36005.1526
2015-11-27	0	206.179039	36005.1526	36005.1526
2015-11-30	0	205.32308	36005.1526	36005.1526
2015-12-01	0	207.280965	36005.1526	36005.1526
2015-12-02	0	205.165658	36005.1526	36005.1526
2015-12-03	0	202.29277	36005.1526	36005.1526
2015-12-04	0	206.238069	36005.1526	36005.1526
2015-12-07	0	204.988569	36005.1526	36005.1526
2015-12-08	-100	203.611147	56366.2673	36005.1526
2015-12-09	0	202.027122	36163.5551	36163.5551
2015-12-10	0	202.54857	36163.5551	36163.5551
2015-12-11	-100	198.622952	56025.8503	36163.5551
2015-12-14	0	199.626485	36063.2018	36063.2018
2015-12-15	100	201.722125	15890.9893	36063.2018
2015-12-16	0	204.673725	36358.3618	36358.3618
2015-12-17	100	201.55487	16202.8748	36358.3618
2015-12-18	100	197.964166	16202.8748	35999.2914
2015-12-21	100	199.597201	16202.8748	36162.5949
2015-12-22	100	201.408393	16202.8748	36343.7141
2015-12-23	100	203.902497	16202.8748	36593.1245
2015-12-24	100	203.56598	16202.8748	36559.4728
2015-12-28	100	203.100824	16202.8748	36512.9572
2015-12-29	100	205.268302	16202.8748	36729.705
2015-12-30	100	203.81341	16202.8748	36584.2158
2015-12-31	100	201.774586	16202.8748	36380.3334
